LC0383,ASIA,TOPIC,ESQUERDO
LC0384,ASIA,TOPIC,DIREITO
LC0385,ASIA,TOWNER,ESQUERDO
LC0386,ASIA,TOWNER,DIREITO
LC0387,AUDI,A3 2003,ESQUERDO
LC0388,AUDI,A3 2003,DIREITO
LC0389,AUDI,A3 2014,ESQUERDO
LC0390,AUDI,A3 2014,DIREITO
LC0391,AUDI,A4 2004,ESQUERDO
LC0392,AUDI,A4 2004,DIREITO
LC0393,AUDI,A4 2010,ESQUERDO
LC0394,AUDI,A4 2010,DIREITO
LC0395,BMW,318,ESQUERDO
LC0396,BMW,318,DIREITO
LC0397,BMW,320,ESQUERDO
LC0398,BMW,320,DIREITO
LC0399,BMW,325,ESQUERDO
LC0400,BMW,325,DIREITO
LC0401,BMW,X1,ESQUERDO
LC0402,BMW,X1,DIREITO
LC0403,CHERY,CIELO,ESQUERDO
LC0404,CHERY,CIELO,DIREITO
LC0405,CHERY,QQ,ESQUERDO
LC0406,CHERY,QQ,DIREITO
LC0407,CHERY,TIGGO 2,ESQUERDO
LC0408,CHERY,TIGGO 2,DIREITO
LC0001,CHEVROLET,AGILE,ESQUERDO
LC0002,CHEVROLET,AGILE,DIREITO
LC0003,CHEVROLET,ASTRA 95,ESQUERDO
LC0004,CHEVROLET,ASTRA 95,DIREITO
LC0005,CHEVROLET,ASTRA 99,ESQUERDO
LC0006,CHEVROLET,ASTRA 99,DIREITO
LC0007,CHEVROLET,CAPTIVA,ESQUERDO
LC0008,CHEVROLET,CAPTIVA,DIREITO
LC0009,CHEVROLET,CELTA 01,ESQUERDO
LC0010,CHEVROLET,CELTA 01,DIREITO
LC0011,CHEVROLET,CHEVETTE 82,ESQUERDO
LC0012,CHEVROLET,CHEVETTE 82,DIREITO
LC0013,CHEVROLET,CHEVETTE 88,ESQUERDO
LC0014,CHEVROLET,CHEVETTE 88,DIREITO
LC0015,CHEVROLET,COBALT,ESQUERDO
LC0016,CHEVROLET,COBALT,DIREITO
LC0017,CHEVROLET,CORSA 96,ESQUERDO
LC0018,CHEVROLET,CORSA 96,DIREITO
LC0019,CHEVROLET,CORSA 03 / MONTANA,ESQUERDO
LC0020,CHEVROLET,CORSA 03 / MONTANA,DIREITO
LC0021,CHEVROLET,CRUZE,ESQUERDO
LC0022,CHEVROLET,CRUZE,DIREITO
LC0023,CHEVROLET,CRUZE 18,ESQUERDO
LC0024,CHEVROLET,CRUZE 18,DIREITO
LC0025,CHEVROLET,D-20,ESQUERDO
LC0026,CHEVROLET,D-20,DIREITO
LC0027,CHEVROLET,KADETT,ESQUERDO
LC0028,CHEVROLET,KADETT,DIREITO
LC0029,CHEVROLET,MERIVA / CELTA 07,ESQUERDO
LC0030,CHEVROLET,MERIVA / CELTA 07,DIREITO
LC0031,CHEVROLET,MONZA 82,ESQUERDO
LC0032,CHEVROLET,MONZA 82,DIREITO
LC0033,CHEVROLET,MONZA 88,ESQUERDO
LC0034,CHEVROLET,MONZA 88,DIREITO
LC0035,CHEVROLET,OMEGA,ESQUERDO
LC0036,CHEVROLET,OMEGA,DIREITO
LC0039,CHEVROLET,ONIX 12,ESQUERDO
LC0040,CHEVROLET,ONIX 12,DIREITO
LC0041,CHEVROLET,ONIX 20,ESQUERDO
LC0042,CHEVROLET,ONIX 20,DIREITO
LC0043,CHEVROLET,OPALA 80/87,ESQUERDO
LC0044,CHEVROLET,OPALA 80/87,DIREITO
LC0045,CHEVROLET,OPALA 88/90,ESQUERDO
LC0046,CHEVROLET,OPALA 88/90,DIREITO
LC0047,CHEVROLET,S-10 / BLAZER,ESQUERDO
LC0048,CHEVROLET,S-10 / BLAZER,DIREITO
LC0049,CHEVROLET,S-10 2012,ESQUERDO
LC0050,CHEVROLET,S-10 2012,DIREITO
LC0051,CHEVROLET,SPIN,ESQUERDO
LC0052,CHEVROLET,SPIN,DIREITO
LC0053,CHEVROLET,SONIC,ESQUERDO
LC0054,CHEVROLET,SONIC,DIREITO
LC0057,CHEVROLET,TRACKER 2017,ESQUERDO
LC0058,CHEVROLET,TRACKER 2017,DIREITO
LC0059,CHEVROLET,TRACKER 2020,ESQUERDO
LC0060,CHEVROLET,TRACKER 2020,DIREITO
LC0061,CHEVROLET,VECTRA 94,ESQUERDO
LC0062,CHEVROLET,VECTRA 94,DIREITO
LC0063,CHEVROLET,VECTRA 97,ESQUERDO
LC0064,CHEVROLET,VECTRA 97,DIREITO
LC0065,CHEVROLET,VECTRA 00,ESQUERDO
LC0066,CHEVROLET,VECTRA 00,DIREITO
LC0067,CHEVROLET,VECTRA 06,ESQUERDO
LC0068,CHEVROLET,VECTRA 06,DIREITO
LC0069,CHEVROLET,ZAFIRA,ESQUERDO
LC0070,CHEVROLET,ZAFIRA,DIREITO
LC0525,CHEVROLET,CRUZE 18 C/ SENSOR,ESQUERDO
LC0526,CHEVROLET,CRUZE 18 C/ SENSOR,DIREITO
LC0527,CHEVROLET,EQUINOX,ESQUERDO
LC0528,CHEVROLET,EQUINOX,DIREITO
LC0531,CHEVROLET,TRACKER 2017 C/ SENSOR,ESQUERDO
LC0532,CHEVROLET,TRACKER 2017 C/ SENSOR,DIREITO
LC0533,CHEVROLET,EQUINOX C/ SENSOR,ESQUERDO
LC0534,CHEVROLET,EQUINOX C/ SENSOR,DIREITO
LC0569,CHEVROLET,S-10 2012 AMPAS,ESQUERDO
LC0570,CHEVROLET,S-10 2012 AMPAS,DIREITO
LC0571,CHEVROLET,MONTANA 23,ESQUERDO
LC0572,CHEVROLET,MONTANA 23,DIREITO
LC0331,CITROËN,AIR CROSS / C3 12 / C4 10,ESQUERDO
LC0332,CITROËN,AIR CROSS / C3 12 / C4 10,DIREITO
LC0333,CITROËN,BERLINGO,ESQUERDO
LC0334,CITROËN,BERLINGO,DIREITO
LC0335,CITROËN,C3,ESQUERDO
LC0336,CITROËN,C3,DIREITO
LC0337,CITROËN,C4 PALLAS,ESQUERDO
LC0338,CITROËN,C4 PALLAS,DIREITO
LC0339,CITROËN,C4 PICASSO,ESQUERDO
LC0340,CITROËN,C4 PICASSO,DIREITO
LC0341,CITROËN,XSARA PICASSO,ESQUERDO
LC0342,CITROËN,XSARA PICASSO,DIREITO
LC0343,CITROËN,XSARA,ESQUERDO
LC0344,CITROËN,XSARA,DIREITO
LC0345,CITROËN,ZX,ESQUERDO
LC0346,CITROËN,ZX,DIREITO
LC0583,CITROËN,C4 PICASSO / 3008 C/ SENSOR,ESQUERDO
LC0584,CITROËN,C4 PICASSO / 3008 C/ SENSOR,DIREITO
LC0585,CITROËN,CACTUS,ESQUERDO
LC0586,CITROËN,CACTUS,DIREITO
LC0417,DODGE,DAKOTA,ESQUERDO
LC0418,DODGE,DAKOTA,DIREITO
LC0419,DODGE,DAKOTA SPORT,ESQUERDO
LC0420,DODGE,DAKOTA SPORT,DIREITO
LC0071,FIAT,ARGO/CRONOS/STRADA 20,ESQUERDO
LC0072,FIAT,ARGO/CRONOS/STRADA 20,DIREITO
LC0073,FIAT,BRAVO,ESQUERDO
LC0074,FIAT,BRAVO,DIREITO
LC0075,FIAT,DOBLO,ESQUERDO
LC0076,FIAT,DOBLO,DIREITO
LC0077,FIAT,DUCATO 98,ESQUERDO
LC0078,FIAT,DUCATO 98,DIREITO
LC0079,FIAT,DUCATO 04,ESQUERDO
LC0080,FIAT,DUCATO 04,DIREITO
LC0081,FIAT,DUCATO 04 INF.,ESQUERDO
LC0082,FIAT,DUCATO 04 INF.,DIREITO
LC0083,FIAT,DUCATO 18,ESQUERDO
LC0084,FIAT,DUCATO 18,DIREITO
LC0085,FIAT,FIORINO 91,ESQUERDO
LC0086,FIAT,FIORINO 91,DIREITO
LC0087,FIAT,FIORINO 98,ESQUERDO
LC0088,FIAT,FIORINO 98,DIREITO
LC0089,FIAT,FIORINO 2012,ESQUERDO
LC0090,FIAT,FIORINO 2012,DIREITO
LC0091,FIAT,FIORINO 2015,ESQUERDO
LC0092,FIAT,FIORINO 2015,DIREITO
LC0093,FIAT,IDEA 2011,ESQUERDO
LC0094,FIAT,IDEA 2011,DIREITO
LC0095,FIAT,IDEA ADVENTURE,ESQUERDO
LC0096,FIAT,IDEA ADVENTURE,DIREITO
LC0097,FIAT,LINEA,ESQUERDO
LC0098,FIAT,LINEA,DIREITO
LC0099,FIAT,MAREA,ESQUERDO
LC0100,FIAT,MAREA,DIREITO
LC0101,FIAT,MOBI,ESQUERDO
LC0102,FIAT,MOBI,DIREITO
LC0103,FIAT,PALIO 96 / UNO 00,ESQUERDO
LC0104,FIAT,PALIO 96 / UNO 00,DIREITO
LC0105,FIAT,PALIO 04 / UNO 05,ESQUERDO
LC0106,FIAT,PALIO 04 / UNO 05,DIREITO
LC0107,FIAT,PALIO 2011,ESQUERDO
LC0108,FIAT,PALIO 2011,DIREITO
LC0109,FIAT,PALIO 2012,ESQUERDO
LC0110,FIAT,PALIO 2012,DIREITO
LC0111,FIAT,PUNTO,ESQUERDO
LC0112,FIAT,PUNTO,DIREITO
LC0113,FIAT,STILO / IDEA,ESQUERDO
LC0114,FIAT,STILO / IDEA,DIREITO
LC0115,FIAT,STILO 2008,ESQUERDO
LC0116,FIAT,STILO 2008,DIREITO
LC0119,FIAT,TEMPRA,ESQUERDO
LC0120,FIAT,TEMPRA,DIREITO
LC0121,FIAT,TIPO,ESQUERDO
LC0122,FIAT,TIPO,DIREITO
LC0123,FIAT,UNO 85,ESQUERDO
LC0124,FIAT,UNO 85,DIREITO
LC0125,FIAT,UNO 91,ESQUERDO
LC0126,FIAT,UNO 91,DIREITO
LC0127,FIAT,UNO ECONOMY,ESQUERDO
LC0128,FIAT,UNO ECONOMY,DIREITO
LC0129,FIAT,UNO VIVACE,ESQUERDO
LC0130,FIAT,UNO VIVACE,DIREITO
LC0507,FIAT,TORO / COMPASS,ESQUERDO
LC0508,FIAT,TORO / COMPASS,DIREITO
LC0529,FIAT,PULSE / FASTBACK,ESQUERDO
LC0530,FIAT,PULSE / FASTBACK,DIREITO
LC0557,FIAT,PULSE / FASTBACK *,ESQUERDO
LC0558,FIAT,PULSE / FASTBACK *,DIREITO
LC00142,FORD,ESCORT 88,DIREITO
LC0131,FORD,DEL REY 80/82,ESQUERDO
LC0132,FORD,DEL REY 80/82,DIREITO
LC0133,FORD,DEL REY 85/90,ESQUERDO
LC0134,FORD,DEL REY 85/90,DIREITO
LC0135,FORD,ECOSPORT 03,ESQUERDO
LC0136,FORD,ECOSPORT 03,DIREITO
LC0137,FORD,ECOSPORT 2013,ESQUERDO
LC0137A,FORD,ECOSPORT 2013 ASF,ESQUERDO
LC0138,FORD,ECOSPORT 2013,DIREITO
LC0138A,FORD,ECOSPORT 2013 ASF,DIREITO
LC0139,FORD,ESCORT 84,ESQUERDO
LC0140,FORD,ESCORT 84,DIREITO
LC0141,FORD,ESCORT 88,ESQUERDO
LC0143,FORD,ESCORT 93,ESQUERDO
LC0144,FORD,ESCORT 93,DIREITO
LC0145,FORD,F-250,ESQUERDO
LC0146,FORD,F-250,DIREITO
LC0147,FORD,F-1000,ESQUERDO
LC0148,FORD,F-1000,DIREITO
LC0149,FORD,FIESTA 95,ESQUERDO
LC0150,FORD,FIESTA 95,DIREITO
LC0151,FORD,FIESTA 97,ESQUERDO
LC0152,FORD,FIESTA 97,DIREITO
LC0153,FORD,FIESTA 03,ESQUERDO
LC0154,FORD,FIESTA 03,DIREITO
LC0155,FORD,FIESTA 10 (NEW),ESQUERDO
LC0156,FORD,FIESTA 10 (NEW),DIREITO
LC0157,FORD,FOCUS 01,ESQUERDO
LC0158,FORD,FOCUS 01,DIREITO
LC0159,FORD,FOCUS 04,ESQUERDO
LC0160,FORD,FOCUS 04,DIREITO
LC0161,FORD,FOCUS 09,ESQUERDO
LC0162,FORD,FOCUS 09,DIREITO
LC0163,FORD,FUSION 08,ESQUERDO
LC0164,FORD,FUSION 08,DIREITO
LC0165,FORD,KÁ 97 FICOSA,ESQUERDO
LC0166,FORD,KÁ 97 FICOSA,DIREITO
LC0167,FORD,KÁ 97 METAGAL,ESQUERDO
LC0168,FORD,KÁ 97 METAGAL,DIREITO
LC0169,FORD,KÁ 2015,ESQUERDO
LC0170,FORD,KÁ 2015,DIREITO
LC0171,FORD,MONDEO,ESQUERDO
LC0172,FORD,MONDEO,DIREITO
LC0173,FORD,PAMPA,ESQUERDO
LC0174,FORD,PAMPA,DIREITO
LC0175,FORD,PAMPA FIXA,ESQUERDO
LC0176,FORD,PAMPA FIXA,DIREITO
LC0177,FORD,RANGER L,ESQUERDO
LC0178,FORD,RANGER L,DIREITO
LC0179,FORD,RANGER SPLASH,ESQUERDO
LC0180,FORD,RANGER SPLASH,DIREITO
LC0181,FORD,RANGER XLT,ESQUERDO
LC0182,FORD,RANGER XLT,DIREITO
LC0183,FORD,RANGER 2010,ESQUERDO
LC0184,FORD,RANGER 2010,DIREITO
LC0185,FORD,RANGER 2013,ESQUERDO
LC0186,FORD,RANGER 2013,DIREITO
LC0189,FORD,TRANSIT,ESQUERDO
LC0190,FORD,TRANSIT,DIREITO
LC0191,FORD,VERSAILES,ESQUERDO
LC0192,FORD,VERSAILES,DIREITO
LC0517,FORD,FUSION 08 BIPARTIDA GDE,ESQUERDO
LC0518,FORD,FUSION 08 BIPARTIDA GDE,DIREITO
LC0521,FORD,FUSION 18 BIPARTIDA GDE,ESQUERDO
LC0522,FORD,FUSION 18 BIPARTIDA GDE,DIREITO
LC0541,FORD,FUSION 16,ESQUERDO
LC0542,FORD,FUSION 16,DIREITO
LC0543,FORD,FIESTA 10 BIPARTIDA GDE,ESQUERDO
LC0544,FORD,FIESTA 10 BIPARTIDA GDE,DIREITO
LC0559,FORD,ECOSPORT 2018,ESQUERDO
LC0560,FORD,ECOSPORT 2018,DIREITO
LC0561,FORD,MAVERICK 23,ESQUERDO
LC0562,FORD,MAVERICK 23,DIREITO
LC0565,FORD,TERRITORY,ESQUERDO
LC0566,FORD,TERRITORY,DIREITO
LC0573,FORD,EDGE,ESQUERDO
LC0574,FORD,EDGE,DIREITO
LC0575,FORD,EDGE BIPARTIDA,ESQUERDO
LC0576,FORD,EDGE BIPARTIDA,DIREITO
LC0623,FORD,FUSION 18,ESQUERDO
LC0624,FORD,FUSION 18,DIREITO
LC0285,HONDA,ACCORD 08,ESQUERDO
LC0286,HONDA,ACCORD 08,DIREITO
LC0287,HONDA,CITY,ESQUERDO
LC0288,HONDA,CITY,DIREITO
LC0289,HONDA,CIVIC 95,ESQUERDO
LC0290,HONDA,CIVIC 95,DIREITO
LC0291,HONDA,CIVIC 98,ESQUERDO
LC0292,HONDA,CIVIC 98,DIREITO
LC0293,HONDA,CIVIC 02,ESQUERDO
LC0294,HONDA,CIVIC 02,DIREITO
LC0295,HONDA,CIVIC 06 (NEW CIVIC),ESQUERDO
LC0296,HONDA,CIVIC 06 (NEW CIVIC),DIREITO
LC0297,HONDA,CIVIC 12,ESQUERDO
LC0298,HONDA,CIVIC 12,DIREITO
LC0299,HONDA,CIVIC 18,ESQUERDO
LC0300,HONDA,CIVIC 18,DIREITO
LC0301,HONDA,CRV,ESQUERDO
LC0302,HONDA,CRV,DIREITO
LC0303,HONDA,FIT 06,ESQUERDO
LC0304,HONDA,FIT 06,DIREITO
LC0305,HONDA,FIT 06 C/ PISCA,ESQUERDO
LC0306,HONDA,FIT 06 C/ PISCA,DIREITO
LC0307,HONDA,FIT 10 (NEW FIT),ESQUERDO
LC0308,HONDA,FIT 10 (NEW FIT),DIREITO
LC0309,HONDA,FIT / CITY 15 / WR-V,ESQUERDO
LC0310,HONDA,FIT / CITY 15 / WR-V,DIREITO
LC0311,HONDA,HRV,ESQUERDO
LC0312,HONDA,HRV,DIREITO
LC0515,HONDA,CIVIC 12 ( C/ PISCA),ESQUERDO
LC0516,HONDA,CIVIC 12 ( C/ PISCA),DIREITO
LC0587,HONDA,HRV 22,ESQUERDO
LC0588,HONDA,HRV 22,DIREITO
LC0601,HONDA,CITY 22,ESQUERDO
LC0602,HONDA,CITY 22,DIREITO
LC0365,HYUNDAI,ACCENT,ESQUERDO
LC0366,HYUNDAI,ACCENT,DIREITO
LC0367,HYUNDAI,AZERA,ESQUERDO
LC0368,HYUNDAI,AZERA,DIREITO
LC0369,HYUNDAI,H-100,ESQUERDO
LC0370,HYUNDAI,H-100,DIREITO
LC0371,HYUNDAI,HB-20,ESQUERDO
LC0372,HYUNDAI,HB-20,DIREITO
LC0373,HYUNDAI,HB-20 20,ESQUERDO
LC0374,HYUNDAI,HB-20 20,DIREITO
LC0375,HYUNDAI,HR,ESQUERDO
LC0376,HYUNDAI,HR,DIREITO
LC0377,HYUNDAI,I-30,ESQUERDO
LC0378,HYUNDAI,I-30,DIREITO
LC0379,HYUNDAI,SANTA FÉ 08,ESQUERDO
LC0380,HYUNDAI,SANTA FÉ 08,DIREITO
LC0381,HYUNDAI,TUCSON,ESQUERDO
LC0382,HYUNDAI,TUCSON,DIREITO
LC0534,HYUNDAI,CRETA 2022,DIREITO
LC0535,HYUNDAI,CRETA,ESQUERDO
LC0536,HYUNDAI,CRETA,DIREITO
LC0537,HYUNDAI,CRETA 2022,ESQUERDO
LC0539,HYUNDAI,I-30 2015 / ELANTRA,ESQUERDO
LC0540,HYUNDAI,I-30 2015 / ELANTRA,DIREITO
LC0547,HYUNDAI,SANTA FÉ 10,ESQUERDO
LC0548,HYUNDAI,SANTA FÉ 10,DIREITO
LC0553,HYUNDAI,NEW TECSON 18,ESQUERDO
LC0553S,HYUNDAI,NEW TUSCON 18 C/ SENSOR,ESQUERDO
LC0554,HYUNDAI,NEW TECSON 18,DIREITO
LC0554S,HYUNDAI,NEW TUSCON 18 C/ SENSOR,DIREITO
LC0591,HYUNDAI,VERA CRUZ,ESQUERDO
LC0592,HYUNDAI,VERA CRUZ,DIREITO
LC0421,IVECO,IVECO /01,ESQUERDO
LC0422,IVECO,IVECO /01,DIREITO
LC0423,IVECO,DAILY SUP.,ESQUERDO
LC0424,IVECO,DAILY SUP.,DIREITO
LC0425,IVECO,DAILY INF.,ESQUERDO
LC0426,IVECO,DAILY INF.,DIREITO
LC0427,JAC,J 3,ESQUERDO
LC0428,JAC,J 3,DIREITO
LC0621,JAC,J 2,ESQUERDO
LC0622,JAC,J 2,DIREITO
LC0507,JEEP,COMPASS / TORO,ESQUERDO
LC0508,JEEP,COMPASS / TORO,DIREITO
LC0508S,JEEP,COMPASS/TORO C/ SENSOR,ESQUERDO
LC0509S,JEEP,COMPASS/TORO C/ SENSOR,DIREITO
LC0511,JEEP,RENEGADE,ESQUERDO
LC0512,JEEP,RENEGADE,DIREITO
LC0619,JEEP,RENEGADE 22,ESQUERDO
LC0620,JEEP,RENEGADE 22,DIREITO
LC0429,KIA,BESTA,ESQUERDO
LC0430,KIA,BESTA,DIREITO
LC0431,KIA,BONGO,ESQUERDO
LC0432,KIA,BONGO,DIREITO
LC0433,KIA,CERATO,ESQUERDO
LC0434,KIA,CERATO,DIREITO
LC0435,KIA,K-2500 SUP,ESQUERDO
LC0436,KIA,K-2500 SUP,DIREITO
LC0437,KIA,K-2500 INF,ESQUERDO
LC0438,KIA,K-2500 INF,DIREITO
LC0439,KIA,PICANTO,ESQUERDO
LC0440,KIA,PICANTO,DIREITO
LC0441,KIA,SPORTAGE 97/08,ESQUERDO
LC0442,KIA,SPORTAGE 97/08,DIREITO
LC0443,KIA,SPORTAGE 09/12,ESQUERDO
LC0444,KIA,SPORTAGE 09/12,DIREITO
LC0445,KIA,SORENTO,ESQUERDO
LC0446,KIA,SORENTO,DIREITO
LC0447,KIA,SOUL,ESQUERDO
LC0448,KIA,SOUL,DIREITO
LC0615,KIA,SPORTAGE 13,ESQUERDO
LC0616,KIA,SPORTAGE 13,DIREITO
LC0617,KIA,SPORTAGE 20,ESQUERDO
LC0618,KIA,SPORTAGE 20,DIREITO
LC0609,LAND ROVER,EVOQUE,ESQUERDO
LC0610,LAND ROVER,EVOQUE,DIREITO
LC0611,LAND ROVER,LAND ROVER,ESQUERDO
LC0612,LAND ROVER,LAND ROVER,DIREITO
LC0613,LAND ROVER,RANG ROVER,ESQUERDO
LC0614,LAND ROVER,RANG ROVER,DIREITO
LC0453,MERCEDES-BENZ,C-180,ESQUERDO
LC0454,MERCEDES-BENZ,C-180,DIREITO
LC0455,MERCEDES-BENZ,CLASSE A,ESQUERDO
LC0456,MERCEDES-BENZ,CLASSE A,DIREITO
LC0457,MERCEDES-BENZ,MB-180,ESQUERDO
LC0458,MERCEDES-BENZ,MB-180,DIREITO
LC0459,MERCEDES-BENZ,SPRINTER,ESQUERDO
LC0460,MERCEDES-BENZ,SPRINTER,DIREITO
LC0461,MERCEDES-BENZ,SPRINTER 12,ESQUERDO
LC0462,MERCEDES-BENZ,SPRINTER 12,DIREITO
LC0463,MERCEDES-BENZ,SPRINTER 12 INF.,ESQUERDO
LC0464,MERCEDES-BENZ,SPRINTER 12 INF.,DIREITO
LC0555,MERCEDES-BENZ,GLA,ESQUERDO
LC0556,MERCEDES-BENZ,GLA,DIREITO
LC0593,MERCEDES-BENZ,SPRINTER 20,ESQUERDO
LC0594,MERCEDES-BENZ,SPRINTER 20,DIREITO
LC0465,MITSUBISHI,ASX (COM PISCA),ESQUERDO
LC0466,MITSUBISHI,ASX (COM PISCA),DIREITO
LC0467,MITSUBISHI,ASX (SEM PISCA),ESQUERDO
LC0468,MITSUBISHI,ASX (SEM PISCA),DIREITO
LC0469,MITSUBISHI,ECLIPSE 22,ESQUERDO
LC0470,MITSUBISHI,ECLIPSE 22,DIREITO
LC0471,MITSUBISHI,L-200,ESQUERDO
LC0472,MITSUBISHI,L-200,DIREITO
LC0473,MITSUBISHI,L-200 SPORT,ESQUERDO
LC0474,MITSUBISHI,L-200 SPORT,DIREITO
LC0475,MITSUBISHI,L-200 TRITON,ESQUERDO
LC0476,MITSUBISHI,L-200 TRITON,DIREITO
LC0477,MITSUBISHI,PAJERO FULL,ESQUERDO
LC0478,MITSUBISHI,PAJERO FULL,DIREITO
LC0479,MITSUBISHI,PAJERO SPORT,ESQUERDO
LC0480,MITSUBISHI,PAJERO SPORT,DIREITO
LC0481,MITSUBISHI,PAJERO TR4,ESQUERDO
LC0482,MITSUBISHI,PAJERO TR4,DIREITO
LC0485,NISSAN,FRONTIER 02/09,ESQUERDO
LC0486,NISSAN,FRONTIER 02/09,DIREITO
LC0487,NISSAN,FRONTIER 10/,ESQUERDO
LC0488,NISSAN,FRONTIER 10/,DIREITO
LC0489,NISSAN,MARCH / VERSA 12,ESQUERDO
LC0490,NISSAN,MARCH / VERSA 12,DIREITO
LC0491,NISSAN,KICKS,ESQUERDO
LC0492,NISSAN,KICKS,DIREITO
LC0493,NISSAN,LIVINA,ESQUERDO
LC0494,NISSAN,LIVINA,DIREITO
LC0495,NISSAN,SENTRA 2008,ESQUERDO
LC0496,NISSAN,SENTRA 2008,DIREITO
LC0497,NISSAN,SENTRA 2010,ESQUERDO
LC0498,NISSAN,SENTRA 2010,DIREITO
LC0499,NISSAN,SENTRA 2013,ESQUERDO
LC0500,NISSAN,SENTRA 2013,DIREITO
LC0501,NISSAN,TIIDA,ESQUERDO
LC0502,NISSAN,TIIDA,DIREITO
LC0503,NISSAN,VERSA 15,ESQUERDO
LC0504,NISSAN,VERSA 15,DIREITO
LC0551,NISSAN,FRONTIER 18,ESQUERDO
LC0552,NISSAN,FRONTIER 18,DIREITO
LC0313,PEUGEOT,106,ESQUERDO
LC0314,PEUGEOT,106,DIREITO
LC0315,PEUGEOT,206 / 207,ESQUERDO
LC0316,PEUGEOT,206 / 207,DIREITO
LC0317,PEUGEOT,208 / 2008,ESQUERDO
LC0318,PEUGEOT,208 / 2008,DIREITO
LC0319,PEUGEOT,306,ESQUERDO
LC0320,PEUGEOT,306,DIREITO
LC0321,PEUGEOT,307,ESQUERDO
LC0322,PEUGEOT,307,DIREITO
LC0323,PEUGEOT,308,ESQUERDO
LC0324,PEUGEOT,308,DIREITO
LC0325,PEUGEOT,405,ESQUERDO
LC0326,PEUGEOT,405,DIREITO
LC0327,PEUGEOT,408,ESQUERDO
LC0328,PEUGEOT,408,DIREITO
LC0329,PEUGEOT,504,ESQUERDO
LC0330,PEUGEOT,504,DIREITO
LC0249,RENAULT,CLIO / LOGAN 06,ESQUERDO
LC0250,RENAULT,CLIO / LOGAN 06,DIREITO
LC0251,RENAULT,CLIO 2011,ESQUERDO
LC0252,RENAULT,CLIO 2011,DIREITO
LC0253,RENAULT,FLUENCE,ESQUERDO
LC0254,RENAULT,FLUENCE,DIREITO
LC0255,RENAULT,KANGOO 00,ESQUERDO
LC0256,RENAULT,KANGOO 00,DIREITO
LC0257,RENAULT,KANGOO 03>,ESQUERDO
LC0258,RENAULT,KANGOO 03>,DIREITO
LC0259,RENAULT,KWID,ESQUERDO
LC0260,RENAULT,KWID,DIREITO
LC0261,RENAULT,LAGUNA,ESQUERDO
LC0262,RENAULT,LAGUNA,DIREITO
LC0263,RENAULT,MASTER,ESQUERDO
LC0264,RENAULT,MASTER,DIREITO
LC0265,RENAULT,MEGANE 09,ESQUERDO
LC0266,RENAULT,MEGANE 09,DIREITO
LC0267,RENAULT,PARTNER,ESQUERDO
LC0268,RENAULT,PARTNER,DIREITO
LC0269,RENAULT,RENAULT 19,ESQUERDO
LC0270,RENAULT,RENAULT 19,DIREITO
LC0271,RENAULT,RENAULT 21,ESQUERDO
LC0272,RENAULT,RENAULT 21,DIREITO
LC0273,RENAULT,SANDERO 10 / LOGAN 10,ESQUERDO
LC0274,RENAULT,SANDERO 10 / LOGAN 10,DIREITO
LC0275,RENAULT,SANDERO 15 / LOGAN 15,ESQUERDO
LC0276,RENAULT,SANDERO 15 / LOGAN 15,DIREITO
LC0277,RENAULT,TRAFFIC ANT.,ESQUERDO
LC0278,RENAULT,TRAFFIC ANT.,DIREITO
LC0279,RENAULT,TRAFFIC MOD.,ESQUERDO
LC0280,RENAULT,TRAFFIC MOD.,DIREITO
LC0281,RENAULT,TRAFFIC MOD. INF.,ESQUERDO
LC0282,RENAULT,TRAFFIC MOD. INF.,DIREITO
LC0283,RENAULT,TWINGO,ESQUERDO
LC0284,RENAULT,TWINGO,DIREITO
LC0513,RENAULT,CAPTUR,ESQUERDO
LC0514,RENAULT,CAPTUR,DIREITO
LC0549,RENAULT,DUSTER 2022,ESQUERDO
LC0550,RENAULT,DUSTER 2022,DIREITO
LC0483,SUZUKI,VITARA,ESQUERDO
LC0484,SUZUKI,VITARA,DIREITO
LC0605,SUZUKI,VITARA 20,ESQUERDO
LC0606,SUZUKI,VITARA 20,DIREITO
LC0347,TOYOTA,COROLLA 95,ESQUERDO
LC0348,TOYOTA,COROLLA 95,DIREITO
LC0349,TOYOTA,COROLLA 98,ESQUERDO
LC0350,TOYOTA,COROLLA 98,DIREITO
LC0351,TOYOTA,COROLLA 03,ESQUERDO
LC0352,TOYOTA,COROLLA 03,DIREITO
LC0353,TOYOTA,COROLLA 08,ESQUERDO
LC0354,TOYOTA,COROLLA 08,DIREITO
LC0355,TOYOTA,COROLLA 15,ESQUERDO
LC0356,TOYOTA,COROLLA 15,DIREITO
LC0357,TOYOTA,ETIOS 2012,ESQUERDO
LC0358,TOYOTA,ETIOS 2012,DIREITO
LC0359,TOYOTA,ETIOS 2015 / YARIS,ESQUERDO
LC0360,TOYOTA,ETIOS 2015 / YARIS,DIREITO
LC0361,TOYOTA,HILUX / RAV 4 NOVA,ESQUERDO
LC0362,TOYOTA,HILUX / RAV 4 NOVA,DIREITO
LC0363,TOYOTA,HILUX,ESQUERDO
LC0364,TOYOTA,HILUX,DIREITO
LC0545,TOYOTA,COROLLA 20,ESQUERDO
LC0546,TOYOTA,COROLLA 20,DIREITO
LC0588,TOYOTA,COROLLA CROSS C/ SENSOR,DIREITO
LC0589,TOYOTA,COROLLA CROSS C/ SENSOR,ESQUERDO
LC0193,VOLKSWAGEN,AMAROK,ESQUERDO
LC0194,VOLKSWAGEN,AMAROK,DIREITO
LC0195,VOLKSWAGEN,FOX 03,ESQUERDO
LC0196,VOLKSWAGEN,FOX 03,DIREITO
LC0197,VOLKSWAGEN,FOX 2010 / GOL G6 / UP,ESQUERDO
LC0198,VOLKSWAGEN,FOX 2010 / GOL G6 / UP,DIREITO
LC0199,VOLKSWAGEN,GOL 84,ESQUERDO
LC0200,VOLKSWAGEN,GOL 84,DIREITO
LC0201,VOLKSWAGEN,GOL 88 FIXO,ESQUERDO
LC0202,VOLKSWAGEN,GOL 88 FIXO,DIREITO
LC0203,VOLKSWAGEN,GOL 88 C/C,ESQUERDO
LC0204,VOLKSWAGEN,GOL 88 C/C,DIREITO
LC0205,VOLKSWAGEN,GO 1000 FOX,ESQUERDO
LC0206,VOLKSWAGEN,GO 1000 FOX,DIREITO
LC0207,VOLKSWAGEN,GOL 95 BOLA,ESQUERDO
LC0208,VOLKSWAGEN,GOL 95 BOLA,DIREITO
LC0209,VOLKSWAGEN,GOL 00 G3,ESQUERDO
LC0210,VOLKSWAGEN,GOL 00 G3,DIREITO
LC0211,VOLKSWAGEN,GOL 09 GV,ESQUERDO
LC0212,VOLKSWAGEN,GOL 09 GV,DIREITO
LC0214,VOLKSWAGEN,GOL SPECIAL,DIREITO
LC0215,VOLKSWAGEN,GOLF 95,ESQUERDO
LC0216,VOLKSWAGEN,GOLF 95,DIREITO
LC0217,VOLKSWAGEN,GOLF 00,ESQUERDO
LC0218,VOLKSWAGEN,GOLF 00,DIREITO
LC0219,VOLKSWAGEN,GOLF 08,ESQUERDO
LC0220,VOLKSWAGEN,GOLF 08,DIREITO
LC0221,VOLKSWAGEN,GOLF 15,ESQUERDO
LC0222,VOLKSWAGEN,GOLF 15,DIREITO
LC0223,VOLKSWAGEN,KOMBI,ESQUERDO
LC0224,VOLKSWAGEN,KOMBI,DIREITO
LC0225,VOLKSWAGEN,LOGUS,ESQUERDO
LC0226,VOLKSWAGEN,LOGUS,DIREITO
LC0227,VOLKSWAGEN,NEW BEETLE,ESQUERDO
LC0228,VOLKSWAGEN,NEW BEETLE,DIREITO
LC0229,VOLKSWAGEN,PASSAT IMP.,ESQUERDO
LC0230,VOLKSWAGEN,PASSAT IMP.,DIREITO
LC0231,VOLKSWAGEN,PASSAT/JETTA 08,ESQUERDO
LC0232,VOLKSWAGEN,PASSAT/JETTA 08,DIREITO
LC0233,VOLKSWAGEN,PASSAT/JETTA 11,ESQUERDO
LC0234,VOLKSWAGEN,PASSAT/JETTA 11,DIREITO
LC0235,VOLKSWAGEN,POLO 96,ESQUERDO
LC0236,VOLKSWAGEN,POLO 96,DIREITO
LC0237,VOLKSWAGEN,POLO 02,ESQUERDO
LC0238,VOLKSWAGEN,POLO 02,DIREITO
LC0239,VOLKSWAGEN,POLO 17 / VIRTUS,ESQUERDO
LC0240,VOLKSWAGEN,POLO 17 / VIRTUS,DIREITO
LC0241,VOLKSWAGEN,SANTANA 91,ESQUERDO
LC0242,VOLKSWAGEN,SANTANA 91,DIREITO
LC0243,VOLKSWAGEN,T-CROSS,ESQUERDO
LC0244,VOLKSWAGEN,T-CROSS,DIREITO
LC0245,VOLKSWAGEN,TIGUAN 15,ESQUERDO
LC0246,VOLKSWAGEN,TIGUAN 15,DIREITO
LC0247,VOLKSWAGEN,TOUREG,ESQUERDO
LC0248,VOLKSWAGEN,TOUREG,DIREITO
LC0577,VOLKSWAGEN,TIGUAN 20,ESQUERDO
LC0578,VOLKSWAGEN,TIGUAN 20,DIREITO
LC0579,VOLKSWAGEN,TAROK / TAOS,ESQUERDO
LC0580,VOLKSWAGEN,TAROK / TAOS,DIREITO
LC0603,VOLVO,XC60,ESQUERDO
LC0604,VOLVO,XC60,DIREITO